id,predicted_state,predicted_intensity,confidence,uncertain_flag,what_to_do,when_to_do
1,focused,2.99,0.84,0,light_planning,later_today
2,restless,3.14,0.88,0,rest,within_15_min
3,calm,3.14,0.79,0,rest,within_15_min
4,neutral,1.53,0.79,0,sleep,tonight
5,overwhelmed,4.66,0.92,0,light_planning,later_today
6,calm,3.16,0.97,0,light_planning,later_today
7,neutral,1.76,0.97,0,rest,within_15_min
8,restless,3.9,0.95,0,light_planning,later_today
9,restless,3.94,0.87,0,light_planning,later_today
10,focused,2.89,1.0,0,light_planning,later_today
11,restless,3.59,0.76,0,light_planning,later_today
12,focused,3.58,0.86,0,light_planning,later_today
13,mixed,2.47,0.99,0,rest,within_15_min
14,restless,3.89,0.78,0,light_planning,later_today
15,calm,2.4,0.99,0,sleep,tonight
16,focused,2.56,0.76,0,light_planning,later_today
17,mixed,2.98,0.97,0,rest,within_15_min
18,overwhelmed,4.14,0.95,0,light_planning,later_today
19,focused,3.7,0.9,0,sleep,tonight
20,focused,2.56,0.81,0,light_planning,later_today
21,mixed,2.98,1.0,0,rest,within_15_min
22,overwhelmed,3.99,0.96,0,rest,within_15_min
23,overwhelmed,4.62,0.91,0,rest,within_15_min
24,mixed,3.82,0.9,0,light_planning,later_today
25,overwhelmed,3.99,0.9,0,rest,within_15_min
26,neutral,2.33,0.68,0,sleep,tonight
27,focused,3.78,0.85,0,sleep,tonight
28,calm,3.0,0.58,1,light_planning,later_today
29,focused,3.57,0.9,0,sleep,tonight
30,calm,2.57,0.93,0,light_planning,later_today
31,overwhelmed,4.51,0.84,0,rest,within_15_min
32,calm,3.62,0.89,0,light_planning,later_today
33,focused,2.54,0.84,0,light_planning,later_today
34,neutral,2.27,0.99,0,sleep,tonight
35,focused,3.08,0.95,0,light_planning,later_today
36,neutral,2.04,0.98,0,light_planning,later_today
37,mixed,3.65,0.67,0,rest,within_15_min
38,overwhelmed,4.49,0.81,0,rest,within_15_min
39,calm,2.44,1.0,0,light_planning,later_today
40,neutral,1.46,0.81,0,light_planning,later_today
41,neutral,2.04,0.78,0,light_planning,later_today
42,mixed,3.84,0.82,0,light_planning,later_today
43,focused,2.43,1.0,0,light_planning,later_today
44,restless,3.26,0.96,0,light_planning,later_today
45,restless,3.89,0.92,0,light_planning,later_today
46,mixed,2.55,0.8,0,light_planning,later_today
47,calm,3.41,0.72,0,rest,within_15_min
48,neutral,1.34,0.87,0,light_planning,later_today
49,calm,3.57,0.97,0,light_planning,later_today
50,restless,4.05,0.97,0,light_planning,later_today
51,neutral,1.93,0.97,0,light_planning,later_today
52,mixed,3.76,0.93,0,light_planning,later_today
53,calm,3.67,0.97,0,light_planning,later_today
54,overwhelmed,4.633333333333333,0.94,0,rest,within_15_min
55,calm,3.45,1.0,0,light_planning,later_today
56,calm,3.15,0.9,0,light_planning,later_today
57,calm,3.0,0.91,0,light_planning,later_today
58,restless,4.1,0.7,0,light_planning,later_today
59,focused,3.12,0.94,0,light_planning,later_today
60,neutral,2.96,0.89,0,light_planning,later_today
61,restless,3.21,0.95,0,sleep,tonight
62,mixed,3.62,0.96,0,light_planning,later_today
63,overwhelmed,4.65,0.84,0,rest,within_15_min
64,focused,2.29,0.78,0,light_planning,later_today
65,mixed,2.75,0.9,0,light_planning,later_today
66,calm,3.7,0.96,0,rest,within_15_min
67,restless,3.69,0.82,0,light_planning,later_today
68,focused,3.58,0.88,0,light_planning,later_today
69,overwhelmed,4.43,0.89,0,rest,within_15_min
70,calm,2.96,1.0,0,light_planning,later_today
71,overwhelmed,4.49,0.89,0,rest,within_15_min
72,overwhelmed,3.72,0.78,0,sleep,tonight
73,neutral,1.6,0.92,0,rest,within_15_min
74,neutral,1.45,1.0,0,sleep,tonight
75,restless,3.9,0.99,0,light_planning,later_today
76,neutral,2.11,0.87,0,sleep,tonight
77,mixed,3.21,0.87,0,rest,within_15_min
78,mixed,3.18,0.99,0,light_planning,later_today
79,mixed,3.14,0.69,0,light_planning,later_today
80,focused,3.28,0.99,0,sleep,tonight
81,calm,2.95,0.98,0,light_planning,later_today
82,focused,3.68,0.71,0,light_planning,later_today
83,focused,3.68,0.88,0,light_planning,later_today
84,calm,3.11,0.96,0,light_planning,later_today
85,overwhelmed,4.31,0.85,0,rest,within_15_min
86,calm,2.42,0.82,0,light_planning,later_today
87,mixed,2.99,0.94,0,sleep,tonight
88,neutral,1.61,0.95,0,light_planning,later_today
89,restless,3.82,0.96,0,light_planning,later_today
90,restless,3.96,0.75,0,rest,within_15_min
91,neutral,1.41,0.85,0,light_planning,later_today
92,neutral,1.67,0.81,0,rest,within_15_min
93,restless,3.96,0.94,0,light_planning,later_today
94,restless,3.84,0.95,0,light_planning,later_today
95,neutral,2.22,0.88,0,sleep,tonight
96,restless,3.88,0.96,0,light_planning,later_today
97,mixed,2.66,0.96,0,light_planning,later_today
98,restless,3.95,0.78,0,rest,within_15_min
99,focused,2.48,0.8,0,light_planning,later_today
100,mixed,2.54,0.73,0,light_planning,later_today
101,mixed,3.64,0.99,0,rest,within_15_min
102,calm,2.55,0.96,0,light_planning,later_today
103,restless,3.2,0.89,0,sleep,tonight
104,calm,3.23,0.91,0,light_planning,later_today
105,overwhelmed,4.12,0.9,0,rest,within_15_min
106,restless,4.55,0.97,0,light_planning,later_today
107,focused,2.96,1.0,0,light_planning,later_today
108,mixed,3.82,0.92,0,sleep,tonight
109,calm,2.98,0.92,0,light_planning,later_today
110,focused,3.08,0.78,0,light_planning,later_today
111,mixed,2.45,0.95,0,rest,within_15_min
112,calm,2.95,0.93,0,light_planning,later_today
113,overwhelmed,3.99,0.8,0,rest,within_15_min
114,calm,3.65,1.0,0,sleep,tonight
115,overwhelmed,4.13,0.93,0,rest,within_15_min
116,neutral,1.87,0.99,0,light_planning,later_today
117,overwhelmed,4.35,0.74,0,rest,within_15_min
118,overwhelmed,3.84,0.86,0,light_planning,later_today
119,restless,3.73,0.84,0,light_planning,later_today
120,calm,3.18,0.92,0,light_planning,later_today
121,mixed,4.41,0.88,0,light_planning,later_today
122,neutral,1.83,0.86,0,rest,within_15_min
123,overwhelmed,2.37,0.98,0,rest,within_15_min
124,mixed,1.54,0.98,0,light_planning,later_today
125,neutral,2.81,0.88,0,rest,within_15_min
126,calm,4.51,0.92,0,light_planning,later_today
127,overwhelmed,3.76,0.99,0,rest,within_15_min
128,neutral,3.17,0.91,0,light_planning,later_today
129,neutral,3.19,0.97,0,light_planning,later_today
130,restless,3.55,0.93,0,rest,within_15_min
131,focused,2.35,0.93,0,rest,within_15_min
132,neutral,4.4,0.99,0,rest,within_15_min
133,overwhelmed,2.28,0.94,0,rest,within_15_min
134,focused,1.92,0.9,0,light_planning,later_today
135,focused,3.58,0.99,0,light_planning,later_today
136,focused,1.36,0.96,0,light_planning,later_today
137,neutral,2.32,0.98,0,rest,within_15_min
138,restless,3.33,1.0,0,light_planning,later_today
139,calm,1.85,0.93,0,rest,within_15_min
140,calm,2.83,0.96,0,light_planning,later_today
141,calm,4.21,0.94,0,rest,within_15_min
142,neutral,4.28,0.98,0,light_planning,later_today
143,mixed,2.0,0.99,0,rest,within_15_min
144,focused,1.83,0.97,0,sleep,tonight
145,calm,1.98,0.99,0,light_planning,later_today
146,mixed,3.02,0.92,0,light_planning,later_today
147,neutral,3.08,0.89,0,rest,within_15_min
148,focused,2.74,0.92,0,rest,within_15_min
149,focused,2.64,0.82,0,light_planning,later_today
150,focused,4.33,1.0,0,rest,within_15_min
151,neutral,2.31,0.96,0,light_planning,later_today
152,restless,3.15,0.97,0,rest,within_15_min
153,neutral,3.69,0.97,0,sleep,tonight
154,neutral,4.17,0.99,0,rest,within_15_min
155,mixed,1.87,0.94,0,light_planning,later_today
156,overwhelmed,1.95,0.95,0,rest,within_15_min
157,neutral,2.14,0.93,0,light_planning,later_today
158,calm,2.86,0.85,0,sleep,tonight
159,calm,3.78,0.83,0,light_planning,later_today
160,overwhelmed,2.32,0.97,0,sleep,tonight
161,overwhelmed,2.41,0.97,0,light_planning,later_today
162,mixed,3.14,1.0,0,light_planning,later_today
163,mixed,4.44,0.94,0,rest,within_15_min
164,neutral,3.67,0.94,0,light_planning,later_today
165,calm,1.93,0.93,0,rest,within_15_min
166,focused,3.5,0.91,0,sleep,tonight
167,restless,1.54,0.88,0,light_planning,later_today
168,overwhelmed,1.54,0.98,0,rest,within_15_min
169,neutral,2.9,0.97,0,light_planning,later_today
170,neutral,1.59,0.97,0,rest,within_15_min
171,mixed,2.33,0.98,0,light_planning,later_today
172,focused,1.77,0.99,0,rest,within_15_min
173,mixed,3.64,1.0,0,rest,within_15_min
174,calm,2.89,0.95,0,light_planning,later_today
175,overwhelmed,1.95,0.85,0,rest,within_15_min
176,restless,4.13,0.78,0,sleep,tonight
177,overwhelmed,3.45,0.96,0,light_planning,later_today
178,calm,4.18,0.94,0,sleep,tonight
179,overwhelmed,2.54,0.98,0,rest,within_15_min
180,mixed,4.22,0.94,0,light_planning,later_today
181,mixed,3.02,0.9,0,light_planning,later_today
182,mixed,2.93,0.96,0,light_planning,later_today
183,calm,2.8,0.97,0,light_planning,later_today
184,mixed,4.54,0.92,0,light_planning,later_today
185,restless,4.59,0.96,0,rest,within_15_min
186,calm,3.49,0.92,0,light_planning,later_today
187,mixed,4.25,0.95,0,rest,within_15_min
188,overwhelmed,2.81,0.91,0,sleep,tonight
189,neutral,4.19,0.95,0,rest,within_15_min
190,focused,1.61,0.95,0,rest,within_15_min
191,focused,3.81,0.89,0,light_planning,later_today
192,calm,2.1,0.96,0,light_planning,later_today
193,overwhelmed,4.2,0.97,0,sleep,tonight
194,overwhelmed,2.86,0.98,0,light_planning,later_today
195,focused,3.7,0.95,0,light_planning,later_today
196,mixed,2.79,0.95,0,rest,within_15_min
197,overwhelmed,3.99,0.93,0,rest,within_15_min
198,mixed,1.53,0.97,0,rest,within_15_min
199,calm,3.64,0.96,0,light_planning,later_today
200,calm,3.12,0.94,0,rest,within_15_min
201,calm,3.3,0.97,0,rest,within_15_min
202,neutral,4.17,0.91,0,light_planning,later_today
203,overwhelmed,2.35,0.96,0,rest,within_15_min
204,calm,4.36,0.97,0,sleep,tonight
205,restless,3.21,0.98,0,light_planning,later_today
206,restless,1.86,0.84,0,light_planning,later_today
207,overwhelmed,3.69,0.92,0,light_planning,later_today
208,restless,4.04,0.98,0,rest,within_15_min
209,focused,3.05,0.92,0,rest,within_15_min
210,overwhelmed,2.52,0.7,0,light_planning,later_today
211,focused,3.0,0.97,0,light_planning,later_today
212,mixed,1.91,0.99,0,light_planning,later_today
213,mixed,3.78,0.93,0,rest,within_15_min
214,neutral,2.33,0.96,0,rest,within_15_min
215,mixed,1.75,0.89,0,sleep,tonight
216,calm,4.74,0.95,0,light_planning,later_today
217,restless,3.59,0.89,0,light_planning,later_today
218,restless,3.92,0.99,0,light_planning,later_today
219,mixed,2.84,0.98,0,rest,within_15_min
220,calm,3.7,0.97,0,sleep,tonight
221,restless,3.76,0.9,0,light_planning,later_today
222,mixed,2.38,0.97,0,light_planning,later_today
223,calm,3.43,0.97,0,light_planning,later_today
224,calm,3.45,0.93,0,rest,within_15_min
225,focused,2.93,0.93,0,rest,within_15_min
226,restless,4.38,0.97,0,rest,within_15_min
227,calm,4.61,0.97,0,sleep,tonight
228,mixed,3.98,0.97,0,light_planning,later_today
229,restless,3.15,0.91,0,rest,within_15_min
230,neutral,3.39,1.0,0,light_planning,later_today
231,overwhelmed,2.9,0.99,0,rest,within_15_min
232,overwhelmed,2.52,0.95,0,rest,within_15_min
233,focused,4.06,0.98,0,light_planning,later_today
234,restless,3.89,1.0,0,rest,within_15_min
235,restless,1.61,0.89,0,light_planning,later_today
236,overwhelmed,3.43,0.92,0,rest,within_15_min
237,focused,2.38,0.98,0,sleep,tonight
238,restless,2.17,0.75,0,light_planning,later_today
239,neutral,4.23,0.96,0,light_planning,later_today
240,overwhelmed,3.06,0.97,0,rest,within_15_min
241,neutral,3.28,0.94,0,rest,within_15_min
242,calm,2.35,0.94,0,light_planning,later_today
243,focused,3.86,0.83,0,light_planning,later_today
244,calm,4.25,0.83,0,light_planning,later_today
245,focused,3.5,0.91,0,light_planning,later_today
246,calm,3.0,0.96,0,light_planning,later_today
247,mixed,2.39,0.89,0,light_planning,later_today
248,overwhelmed,1.7,0.93,0,light_planning,later_today
249,mixed,2.53,0.86,0,rest,within_15_min
250,overwhelmed,1.91,0.8,0,rest,within_15_min
251,neutral,3.57,0.96,0,light_planning,later_today
252,calm,1.78,0.9,0,rest,within_15_min
253,overwhelmed,3.38,0.99,0,light_planning,later_today
254,overwhelmed,1.79,0.95,0,rest,within_15_min
255,restless,2.55,0.95,0,rest,within_15_min
256,calm,4.21,0.89,0,light_planning,later_today
257,restless,2.42,0.99,0,sleep,tonight
258,mixed,3.52,1.0,0,sleep,tonight
259,focused,3.13,0.97,0,rest,within_15_min
260,restless,1.85,0.94,0,rest,within_15_min
261,focused,3.25,1.0,0,sleep,tonight
262,restless,2.51,0.9,0,sleep,tonight
263,calm,3.08,0.98,0,sleep,tonight
264,overwhelmed,3.6,0.89,0,light_planning,later_today
265,focused,1.26,0.97,0,light_planning,later_today
266,neutral,3.09,0.91,0,rest,within_15_min
267,restless,2.04,0.94,0,rest,within_15_min
268,mixed,1.79,0.92,0,rest,within_15_min
269,calm,3.66,0.98,0,rest,within_15_min
270,mixed,4.04,0.93,0,rest,within_15_min
271,neutral,1.69,0.97,0,sleep,tonight
272,calm,3.87,0.98,0,light_planning,later_today
273,neutral,3.9,0.96,0,light_planning,later_today
274,focused,2.37,1.0,0,rest,within_15_min
275,focused,2.61,0.9,0,light_planning,later_today
276,restless,2.3,0.95,0,light_planning,later_today
277,neutral,3.04,0.88,0,light_planning,later_today
278,focused,1.93,0.98,0,light_planning,later_today
279,calm,4.11,0.93,0,light_planning,later_today
280,neutral,2.43,0.99,0,rest,within_15_min
281,mixed,1.98,0.78,0,light_planning,later_today
282,restless,4.27,0.93,0,light_planning,later_today
283,focused,2.95,0.98,0,light_planning,later_today
284,mixed,3.15,0.88,0,light_planning,later_today
285,calm,2.53,0.85,0,sleep,tonight
286,neutral,3.66,0.94,0,rest,within_15_min
287,overwhelmed,3.89,0.93,0,rest,within_15_min
288,neutral,3.34,0.95,0,light_planning,later_today
289,calm,2.14,0.96,0,sleep,tonight
290,neutral,3.15,0.92,0,light_planning,later_today
291,mixed,1.62,0.96,0,light_planning,later_today
292,overwhelmed,3.8,0.96,0,light_planning,later_today
293,restless,3.86,0.99,0,rest,within_15_min
294,calm,3.8,0.95,0,light_planning,later_today
295,mixed,1.72,0.96,0,rest,within_15_min
296,overwhelmed,1.6,0.93,0,sleep,tonight
297,neutral,3.91,0.95,0,light_planning,later_today
298,mixed,2.88,0.92,0,light_planning,later_today
299,focused,4.22,0.92,0,light_planning,later_today
300,calm,2.6333333333333337,0.93,0,light_planning,later_today
301,calm,3.93,0.97,0,rest,within_15_min
302,focused,3.67,0.93,0,light_planning,later_today
303,neutral,2.0,0.9,0,light_planning,later_today
304,calm,3.12,0.94,0,light_planning,later_today
305,focused,1.82,0.82,0,rest,within_15_min
306,neutral,3.8,0.9,0,light_planning,later_today
307,calm,4.11,0.88,0,light_planning,later_today
308,focused,3.72,0.97,0,rest,within_15_min
309,calm,4.43,0.92,0,light_planning,later_today
310,neutral,2.68,0.97,0,light_planning,later_today
311,neutral,2.96,0.94,0,sleep,tonight
312,mixed,3.53,0.99,0,rest,within_15_min
313,neutral,4.65,0.97,0,rest,within_15_min
314,neutral,3.47,0.95,0,rest,within_15_min
315,overwhelmed,3.59,0.9,0,rest,within_15_min
316,calm,4.22,0.95,0,rest,within_15_min
317,neutral,2.68,0.95,0,rest,within_15_min
318,mixed,2.9,0.95,0,light_planning,later_today
319,neutral,2.6,0.95,0,light_planning,later_today
320,neutral,1.76,0.96,0,rest,within_15_min
321,neutral,2.94,0.91,0,light_planning,later_today
322,focused,3.73,0.98,0,light_planning,later_today
323,calm,2.95,0.94,0,light_planning,later_today
324,calm,2.51,0.99,0,sleep,tonight
325,focused,4.42,0.95,0,light_planning,later_today
326,neutral,1.61,0.92,0,rest,within_15_min
327,overwhelmed,1.66,0.99,0,light_planning,later_today
328,overwhelmed,3.9,0.91,0,rest,within_15_min
329,overwhelmed,3.98,0.99,0,light_planning,later_today
330,overwhelmed,2.33,0.99,0,light_planning,later_today
331,focused,3.69,0.91,0,light_planning,later_today
332,neutral,4.35,0.95,0,sleep,tonight
333,neutral,4.35,0.95,0,sleep,tonight
334,neutral,1.91,0.99,0,rest,within_15_min
335,focused,2.26,0.97,0,rest,within_15_min
336,calm,2.39,0.99,0,rest,within_15_min
337,restless,2.39,0.83,0,light_planning,later_today
338,restless,1.98,0.89,0,rest,within_15_min
339,overwhelmed,4.32,0.99,0,light_planning,later_today
340,neutral,3.15,0.97,0,light_planning,later_today
341,restless,3.21,0.94,0,light_planning,later_today
342,restless,4.48,0.98,0,light_planning,later_today
343,focused,2.79,0.95,0,rest,within_15_min
344,restless,4.45,1.0,0,sleep,tonight
345,restless,1.69,0.86,0,light_planning,later_today
346,calm,4.02,0.95,0,rest,within_15_min
347,calm,2.31,0.91,0,rest,within_15_min
348,calm,3.82,0.96,0,light_planning,later_today
349,restless,3.94,0.96,0,light_planning,later_today
350,mixed,3.72,0.92,0,rest,within_15_min
351,mixed,1.72,0.93,0,rest,within_15_min
352,calm,3.67,0.98,0,light_planning,later_today
353,restless,3.04,0.81,0,light_planning,later_today
354,overwhelmed,3.18,0.77,0,rest,within_15_min
355,overwhelmed,2.39,0.91,0,sleep,tonight
356,mixed,2.45,0.92,0,light_planning,later_today
357,overwhelmed,4.47,0.94,0,light_planning,later_today
358,calm,3.78,0.88,0,light_planning,later_today
359,focused,1.85,0.98,0,light_planning,later_today
360,overwhelmed,4.31,0.94,0,light_planning,later_today
361,neutral,1.8,0.92,0,sleep,tonight
362,calm,3.56,0.91,0,rest,within_15_min
363,calm,1.96,0.94,0,sleep,tonight
364,overwhelmed,1.75,0.93,0,light_planning,later_today
365,overwhelmed,3.76,0.99,0,light_planning,later_today
366,neutral,2.25,0.9,0,light_planning,later_today
367,neutral,2.24,0.98,0,sleep,tonight
368,calm,4.19,0.89,0,rest,within_15_min
369,focused,1.32,0.97,0,sleep,tonight
370,mixed,2.55,0.98,0,light_planning,later_today
371,mixed,1.85,0.97,0,rest,within_15_min
372,focused,3.52,0.81,0,rest,within_15_min
373,neutral,1.24,0.99,0,rest,within_15_min
374,mixed,2.56,0.92,0,rest,within_15_min
375,neutral,2.17,0.97,0,rest,within_15_min
376,mixed,1.51,0.97,0,rest,within_15_min
377,focused,4.42,0.85,0,light_planning,later_today
378,calm,3.66,0.81,0,rest,within_15_min
379,focused,1.47,0.98,0,light_planning,later_today
380,calm,2.54,0.97,0,rest,within_15_min
381,calm,2.42,0.83,0,rest,within_15_min
382,calm,3.11,0.94,0,rest,within_15_min
383,focused,1.81,0.94,0,sleep,tonight
384,restless,3.2,0.9,0,rest,within_15_min
385,neutral,2.39,0.94,0,rest,within_15_min
386,neutral,2.97,0.97,0,light_planning,later_today
387,restless,3.27,0.91,0,rest,within_15_min
388,neutral,3.61,0.95,0,sleep,tonight
389,overwhelmed,2.31,0.95,0,rest,within_15_min
390,overwhelmed,4.59,0.96,0,rest,within_15_min
391,calm,2.63,0.9,0,rest,within_15_min
392,focused,1.3,0.94,0,light_planning,later_today
393,focused,4.44,0.9,0,light_planning,later_today
394,calm,1.7366666666666668,0.95,0,light_planning,later_today
395,restless,3.93,0.99,0,rest,within_15_min
396,restless,2.62,0.91,0,light_planning,later_today
397,restless,4.47,0.99,0,rest,within_15_min
398,overwhelmed,3.07,0.98,0,sleep,tonight
399,calm,2.97,0.89,0,rest,within_15_min
400,focused,3.77,0.9,0,rest,within_15_min
401,overwhelmed,3.54,0.97,0,light_planning,later_today
402,neutral,3.59,0.94,0,light_planning,later_today
403,focused,2.97,0.96,0,rest,within_15_min
404,focused,2.28,0.99,0,light_planning,later_today
405,focused,1.45,0.91,0,rest,within_15_min
406,overwhelmed,1.84,1.0,0,rest,within_15_min
407,neutral,2.21,0.97,0,rest,within_15_min
408,overwhelmed,3.35,0.95,0,light_planning,later_today
409,mixed,2.33,0.98,0,rest,within_15_min
410,mixed,3.56,0.97,0,sleep,tonight
411,calm,2.83,0.92,0,light_planning,later_today
412,mixed,4.3,0.87,0,sleep,tonight
413,restless,2.9,0.93,0,rest,within_15_min
414,neutral,1.67,0.96,0,rest,within_15_min
415,focused,3.79,0.91,0,light_planning,later_today
416,restless,4.25,0.97,0,sleep,tonight
417,overwhelmed,3.62,0.77,0,light_planning,later_today
418,restless,3.73,0.86,0,sleep,tonight
419,restless,3.6,0.97,0,light_planning,later_today
420,focused,2.4,1.0,0,light_planning,later_today
421,restless,2.59,0.87,0,rest,within_15_min
422,mixed,1.49,0.96,0,light_planning,later_today
423,restless,3.83,0.83,0,rest,within_15_min
424,mixed,2.59,1.0,0,light_planning,later_today
425,calm,4.42,0.93,0,rest,within_15_min
426,focused,3.42,0.91,0,rest,within_15_min
427,focused,3.65,0.94,0,sleep,tonight
428,focused,3.06,0.93,0,rest,within_15_min
429,overwhelmed,2.26,0.99,0,sleep,tonight
430,neutral,3.78,0.96,0,rest,within_15_min
431,mixed,3.09,0.93,0,rest,within_15_min
432,neutral,2.31,0.98,0,rest,within_15_min
433,focused,3.64,0.82,0,sleep,tonight
434,neutral,3.68,0.97,0,light_planning,later_today
435,neutral,2.23,0.97,0,rest,within_15_min
436,restless,2.44,0.74,0,light_planning,later_today
437,restless,4.47,0.78,0,rest,within_15_min
438,overwhelmed,4.06,0.97,0,sleep,tonight
439,neutral,2.25,0.97,0,light_planning,later_today
440,restless,4.04,0.8,0,rest,within_15_min
441,neutral,4.05,0.96,0,rest,within_15_min
442,mixed,1.66,0.96,0,rest,within_15_min
443,mixed,2.47,0.95,0,sleep,tonight
444,focused,4.39,0.97,0,light_planning,later_today
445,restless,1.46,0.89,0,rest,within_15_min
446,restless,1.7,0.78,0,rest,within_15_min
447,restless,2.48,0.97,0,light_planning,later_today
448,calm,2.73,1.0,0,light_planning,later_today
449,focused,1.57,1.0,0,light_planning,later_today
450,restless,3.52,0.98,0,rest,within_15_min
451,neutral,3.56,0.99,0,rest,within_15_min
452,overwhelmed,3.63,0.75,0,rest,within_15_min
453,mixed,2.56,0.97,0,light_planning,later_today
454,neutral,4.13,1.0,0,light_planning,later_today
455,calm,4.4,0.95,0,rest,within_15_min
456,mixed,3.9,0.96,0,rest,within_15_min
457,mixed,2.83,0.98,0,rest,within_15_min
458,restless,3.55,0.86,0,rest,within_15_min
459,focused,3.32,1.0,0,light_planning,later_today
460,calm,2.22,0.98,0,rest,within_15_min
461,restless,2.57,0.94,0,rest,within_15_min
462,neutral,2.25,0.96,0,light_planning,later_today
463,neutral,2.44,0.95,0,rest,within_15_min
464,neutral,1.35,1.0,0,light_planning,later_today
465,calm,3.77,0.94,0,light_planning,later_today
466,neutral,2.09,0.96,0,light_planning,later_today
467,restless,3.07,0.97,0,light_planning,later_today
468,overwhelmed,3.11,0.96,0,light_planning,later_today
469,overwhelmed,1.5,0.92,0,rest,within_15_min
470,restless,2.11,0.83,0,rest,within_15_min
471,restless,3.23,0.99,0,light_planning,later_today
472,focused,1.76,0.88,0,rest,within_15_min
473,calm,1.75,0.88,0,light_planning,later_today
474,overwhelmed,3.25,0.95,0,light_planning,later_today
475,overwhelmed,3.58,0.99,0,rest,within_15_min
476,mixed,4.05,0.92,0,light_planning,later_today
477,overwhelmed,3.18,0.98,0,sleep,tonight
478,overwhelmed,2.54,0.92,0,rest,within_15_min
479,mixed,4.29,0.97,0,light_planning,later_today
480,calm,4.22,0.99,0,light_planning,later_today
481,restless,1.63,0.82,0,rest,within_15_min
482,focused,1.98,0.68,0,light_planning,later_today
483,restless,1.14,0.71,0,light_planning,later_today
484,neutral,2.76,0.75,0,rest,within_15_min
485,neutral,2.07,0.6,0,rest,within_15_min
486,overwhelmed,2.46,0.72,0,sleep,tonight
487,overwhelmed,3.19,0.67,0,rest,within_15_min
488,restless,3.55,0.71,0,sleep,tonight
489,calm,1.9,0.63,0,light_planning,later_today
490,focused,3.62,0.86,0,light_planning,later_today
491,mixed,4.58,0.65,0,light_planning,later_today
492,neutral,4.26,0.72,0,rest,within_15_min
493,restless,2.07,0.68,0,light_planning,later_today
494,overwhelmed,2.05,0.63,0,light_planning,later_today
495,neutral,2.4033333333333333,0.62,0,rest,within_15_min
496,calm,4.41,0.68,0,rest,within_15_min
497,focused,1.7366666666666668,0.69,0,sleep,tonight
498,focused,4.08,0.81,0,light_planning,later_today
499,overwhelmed,3.16,0.66,0,rest,within_15_min
500,calm,3.05,0.64,0,sleep,tonight
501,overwhelmed,3.3,0.73,0,light_planning,later_today
502,restless,2.23,0.59,1,rest,within_15_min
503,overwhelmed,2.29,0.73,0,rest,within_15_min
504,calm,2.12,0.65,0,light_planning,later_today
505,calm,2.68,0.8,0,light_planning,later_today
506,mixed,2.96,0.59,1,light_planning,later_today
507,calm,3.7,0.73,0,light_planning,later_today
508,restless,4.57,0.77,0,light_planning,later_today
509,focused,2.48,0.73,0,light_planning,later_today
510,calm,4.2,0.68,0,rest,within_15_min
511,calm,2.74,0.67,0,rest,within_15_min
512,calm,4.41,0.72,0,rest,within_15_min
513,restless,1.6,0.6316666666666667,0,sleep,tonight
514,neutral,4.06,0.65,0,light_planning,later_today
515,mixed,1.76,0.67,0,light_planning,later_today
516,overwhelmed,2.09,0.74,0,light_planning,later_today
517,mixed,3.22,0.72,0,sleep,tonight
518,restless,3.83,0.63,0,rest,within_15_min
519,restless,4.32,0.59,1,rest,within_15_min
520,focused,1.32,0.61,0,sleep,tonight
521,focused,1.91,0.56,1,light_planning,later_today
522,mixed,4.33,0.67,0,light_planning,later_today
523,neutral,3.04,0.61,0,sleep,tonight
524,calm,4.24,0.67,0,rest,within_15_min
525,calm,1.99,0.73,0,sleep,tonight
526,neutral,4.0,0.75,0,light_planning,later_today
527,mixed,3.28,0.66,0,rest,within_15_min
528,overwhelmed,3.52,0.64,0,light_planning,later_today
529,calm,1.54,0.64,0,rest,within_15_min
530,calm,3.03,0.71,0,light_planning,later_today
531,restless,4.4,0.74,0,rest,within_15_min
532,calm,2.79,0.65,0,light_planning,later_today
533,neutral,3.83,0.67,0,light_planning,later_today
534,calm,2.92,0.81,0,rest,within_15_min
535,mixed,3.0,0.57,1,rest,within_15_min
536,focused,3.57,0.67,0,sleep,tonight
537,restless,1.51,0.7116666666666666,0,light_planning,later_today
538,overwhelmed,2.16,0.73,0,rest,within_15_min
539,neutral,4.19,0.66,0,light_planning,later_today
540,focused,1.45,0.59,1,rest,within_15_min
541,overwhelmed,4.32,0.71,0,sleep,tonight
542,overwhelmed,3.71,0.63,0,light_planning,later_today
543,mixed,3.33,0.67,0,rest,within_15_min
544,focused,3.16,0.74,0,sleep,tonight
545,mixed,3.16,0.69,0,sleep,tonight
546,overwhelmed,2.45,0.71,0,light_planning,later_today
547,focused,2.84,0.67,0,rest,within_15_min
548,neutral,1.3,0.71,0,rest,within_15_min
549,mixed,3.95,0.61,0,rest,within_15_min
550,neutral,1.54,0.75,0,sleep,tonight
551,overwhelmed,3.76,0.64,0,light_planning,later_today
552,mixed,2.08,0.59,1,light_planning,later_today
553,overwhelmed,2.12,0.58,1,light_planning,later_today
554,calm,3.07,0.8,0,rest,within_15_min
555,focused,3.58,0.75,0,light_planning,later_today
556,restless,1.74,0.79,0,light_planning,later_today
557,restless,3.49,0.85,0,rest,within_15_min
558,mixed,3.12,0.69,0,light_planning,later_today
559,calm,4.0,0.66,0,light_planning,later_today
560,mixed,2.56,0.62,0,rest,within_15_min
561,neutral,1.15,0.62,0,light_planning,later_today
562,focused,2.06,0.57,1,rest,within_15_min
563,neutral,3.85,0.64,0,light_planning,later_today
564,overwhelmed,2.16,0.69,0,light_planning,later_today
565,overwhelmed,2.86,0.7,0,sleep,tonight
566,neutral,3.62,0.7,0,light_planning,later_today
567,overwhelmed,2.62,0.69,0,sleep,tonight
568,focused,2.81,0.73,0,light_planning,later_today
569,restless,4.56,0.83,0,rest,within_15_min
570,calm,4.25,0.64,0,rest,within_15_min
571,mixed,3.59,0.68,0,rest,within_15_min
572,overwhelmed,2.02,0.59,1,light_planning,later_today
573,focused,2.07,0.83,0,rest,within_15_min
574,restless,4.23,0.62,0,sleep,tonight
575,restless,3.68,0.71,0,rest,within_15_min
576,neutral,3.71,0.7,0,light_planning,later_today
577,mixed,3.08,0.66,0,light_planning,later_today
578,restless,3.69,0.72,0,sleep,tonight
579,neutral,3.31,0.61,0,rest,within_15_min
580,calm,1.52,0.74,0,rest,within_15_min
581,calm,2.5,0.68,0,sleep,tonight
582,calm,3.32,0.7,0,light_planning,later_today
583,neutral,2.65,0.66,0,rest,within_15_min
584,restless,2.95,0.64,0,rest,within_15_min
585,neutral,2.16,0.69,0,sleep,tonight
586,focused,3.78,0.69,0,light_planning,later_today
587,calm,4.53,0.57,1,light_planning,later_today
588,focused,2.51,0.65,0,light_planning,later_today
589,mixed,4.31,0.6,0,rest,within_15_min
590,mixed,1.27,0.65,0,light_planning,later_today
591,restless,3.49,0.65,0,rest,within_15_min
592,calm,3.25,0.67,0,light_planning,later_today
593,overwhelmed,1.95,0.76,0,light_planning,later_today
594,neutral,3.67,0.72,0,rest,within_15_min
595,neutral,2.29,0.58,1,light_planning,later_today
596,mixed,2.06,0.64,0,rest,within_15_min
597,mixed,3.26,0.65,0,rest,within_15_min
598,calm,3.58,0.79,0,rest,within_15_min
599,overwhelmed,2.65,0.65,0,rest,within_15_min
600,restless,1.81,0.77,0,rest,within_15_min
601,overwhelmed,2.81,0.75,0,rest,within_15_min
602,restless,2.08,0.71,0,light_planning,later_today
603,restless,4.38,0.76,0,light_planning,later_today
604,restless,2.46,0.76,0,light_planning,later_today
605,calm,1.78,0.72,0,rest,within_15_min
606,mixed,2.75,0.63,0,sleep,tonight
607,restless,2.02,0.83,0,rest,within_15_min
608,focused,2.73,0.61,0,sleep,tonight
609,focused,4.3,0.64,0,light_planning,later_today
610,focused,3.65,0.69,0,light_planning,later_today
611,overwhelmed,2.0,0.63,0,rest,within_15_min
612,calm,2.74,0.72,0,light_planning,later_today
613,overwhelmed,3.04,0.84,0,sleep,tonight
614,mixed,3.94,0.71,0,sleep,tonight
615,restless,4.41,0.7,0,light_planning,later_today
616,calm,1.33,0.67,0,light_planning,later_today
617,focused,2.09,0.715,0,light_planning,later_today
618,restless,3.88,0.54,1,sleep,tonight
619,calm,4.21,0.73,0,rest,within_15_min
620,focused,1.46,0.71,0,rest,within_15_min
621,calm,4.38,0.66,0,light_planning,later_today
622,focused,4.34,0.72,0,rest,within_15_min
623,overwhelmed,3.65,0.68,0,rest,within_15_min
624,mixed,3.94,0.57,1,light_planning,later_today
625,restless,2.24,0.7,0,light_planning,later_today
626,restless,1.99,0.69,0,light_planning,later_today
627,neutral,1.38,0.64,0,rest,within_15_min
628,restless,3.17,0.89,0,rest,within_15_min
629,neutral,1.99,0.68,0,rest,within_15_min
630,neutral,3.52,0.7,0,rest,within_15_min
631,focused,1.6,0.72,0,sleep,tonight
632,mixed,3.02,0.66,0,rest,within_15_min
633,restless,1.41,0.72,0,light_planning,later_today
634,restless,3.0066666666666664,0.64,0,light_planning,later_today
635,mixed,3.74,0.73,0,light_planning,later_today
636,overwhelmed,4.03,0.71,0,rest,within_15_min
637,overwhelmed,2.95,0.58,1,rest,within_15_min
638,neutral,3.44,0.7,0,light_planning,later_today
639,restless,2.01,0.74,0,rest,within_15_min
640,neutral,3.37,0.69,0,rest,within_15_min
641,focused,3.65,0.62,0,light_planning,later_today
642,neutral,2.14,0.61,0,rest,within_15_min
643,overwhelmed,1.17,0.61,0,light_planning,later_today
644,neutral,1.49,0.65,0,light_planning,later_today
645,calm,1.96,0.77,0,light_planning,later_today
646,overwhelmed,1.47,0.57,1,light_planning,later_today
647,restless,3.33,0.72,0,light_planning,later_today
648,restless,4.3,0.66,0,light_planning,later_today
649,calm,3.49,0.63,0,rest,within_15_min
650,restless,4.46,0.84,0,rest,within_15_min
651,restless,3.49,0.73,0,rest,within_15_min
652,restless,2.23,0.76,0,rest,within_15_min
653,neutral,2.05,0.68,0,rest,within_15_min
654,focused,1.916666666666667,0.7,0,light_planning,later_today
655,restless,4.3,0.77,0,rest,within_15_min
656,mixed,4.3,0.63,0,rest,within_15_min
657,restless,4.05,0.83,0,rest,within_15_min
658,focused,3.54,0.63,0,light_planning,later_today
659,overwhelmed,2.92,0.59,1,light_planning,later_today
660,mixed,1.76,0.71,0,light_planning,later_today
661,restless,3.83,0.69,0,light_planning,later_today
662,focused,3.13,0.635,0,light_planning,later_today
663,restless,4.18,0.68,0,rest,within_15_min
664,overwhelmed,1.64,0.66,0,light_planning,later_today
665,restless,3.7,0.65,0,light_planning,later_today
666,mixed,3.6,0.67,0,light_planning,later_today
667,focused,3.18,0.69,0,sleep,tonight
668,neutral,2.59,0.77,0,rest,within_15_min
669,neutral,2.98,0.67,0,rest,within_15_min
670,focused,2.98,0.62,0,sleep,tonight
671,overwhelmed,2.89,0.67,0,light_planning,later_today
672,restless,2.88,0.69,0,light_planning,later_today
673,restless,1.76,0.63,0,rest,within_15_min
674,mixed,3.44,0.67,0,rest,within_15_min
675,neutral,1.94,0.63,0,sleep,tonight
676,mixed,2.37,0.73,0,light_planning,later_today
677,neutral,3.77,0.77,0,light_planning,later_today
678,calm,3.94,0.72,0,light_planning,later_today
679,restless,1.35,0.6,0,light_planning,later_today
680,neutral,2.41,0.83,0,rest,within_15_min
681,overwhelmed,2.0,0.65,0,rest,within_15_min
682,mixed,3.06,0.63,0,light_planning,later_today
683,focused,2.1,0.7,0,rest,within_15_min
684,mixed,2.85,0.68,0,rest,within_15_min
685,calm,1.85,0.73,0,rest,within_15_min
686,calm,3.58,0.75,0,light_planning,later_today
687,calm,2.52,0.67,0,light_planning,later_today
688,restless,4.55,0.72,0,rest,within_15_min
689,calm,1.18,0.58,1,light_planning,later_today
690,calm,4.25,0.68,0,light_planning,later_today
691,focused,3.91,0.69,0,rest,within_15_min
692,calm,3.99,0.68,0,rest,within_15_min
693,neutral,2.88,0.67,0,light_planning,later_today
694,calm,1.83,0.65,0,light_planning,later_today
695,neutral,3.05,0.68,0,light_planning,later_today
696,restless,4.09,0.69,0,light_planning,later_today
697,calm,2.74,0.7,0,rest,within_15_min
698,restless,1.15,0.69,0,light_planning,later_today
699,focused,3.26,0.9,0,light_planning,later_today
700,overwhelmed,4.19,0.56,1,sleep,tonight
701,focused,3.36,0.68,0,rest,within_15_min
702,mixed,3.19,0.61,0,light_planning,later_today
703,calm,3.7,0.68,0,rest,within_15_min
704,focused,3.29,0.68,0,sleep,tonight
705,calm,1.93,0.61,0,light_planning,later_today
706,calm,2.25,0.75,0,light_planning,later_today
707,mixed,1.87,0.66,0,rest,within_15_min
708,overwhelmed,3.3866666666666663,0.77,0,rest,within_15_min
709,restless,1.52,0.66,0,light_planning,later_today
710,restless,3.53,0.68,0,light_planning,later_today
711,calm,4.24,0.72,0,rest,within_15_min
712,restless,1.75,0.87,0,light_planning,later_today
713,mixed,1.79,0.62,0,light_planning,later_today
714,overwhelmed,4.45,0.69,0,rest,within_15_min
715,restless,1.78,0.72,0,rest,within_15_min
716,restless,2.38,0.77,0,rest,within_15_min
717,mixed,1.94,0.6,0,rest,within_15_min
718,focused,3.82,0.81,0,rest,within_15_min
719,neutral,1.47,0.73,0,rest,within_15_min
720,mixed,2.8,0.74,0,rest,within_15_min
721,focused,3.21,0.64,0,rest,within_15_min
722,calm,4.49,0.6,0,rest,within_15_min
723,overwhelmed,3.35,0.59,1,light_planning,later_today
724,restless,4.34,0.7875,0,rest,within_15_min
725,neutral,1.7,0.69,0,rest,within_15_min
726,restless,4.09,0.65,0,light_planning,later_today
727,restless,2.31,0.66,0,rest,within_15_min
728,neutral,2.5,0.64,0,rest,within_15_min
729,neutral,3.46,0.65,0,rest,within_15_min
730,restless,2.76,0.87,0,rest,within_15_min
731,overwhelmed,2.76,0.56,1,light_planning,later_today
732,restless,1.46,0.64,0,sleep,tonight
733,neutral,3.9,0.63,0,light_planning,later_today
734,mixed,2.92,0.72,0,light_planning,later_today
735,focused,1.8,0.61,0,rest,within_15_min
736,focused,4.17,0.74,0,light_planning,later_today
737,calm,1.81,0.75,0,rest,within_15_min
738,calm,3.32,0.75,0,light_planning,later_today
739,mixed,1.69,0.71,0,rest,within_15_min
740,overwhelmed,2.29,0.76,0,light_planning,later_today
741,restless,3.72,0.65,0,rest,within_15_min
742,focused,4.31,0.78,0,rest,within_15_min
743,overwhelmed,2.21,0.66,0,light_planning,later_today
744,focused,4.53,0.64,0,light_planning,later_today
745,restless,2.42,0.69,0,rest,within_15_min
746,overwhelmed,2.05,0.68,0,rest,within_15_min
747,restless,3.12,0.6,0,sleep,tonight
748,mixed,2.95,0.69,0,rest,within_15_min
749,calm,2.14,0.68,0,light_planning,later_today
750,restless,2.07,0.6,0,light_planning,later_today
751,restless,3.34,0.57,1,light_planning,later_today
752,restless,2.31,0.9,0,sleep,tonight
753,neutral,3.62,0.54,1,light_planning,later_today
754,neutral,3.09,0.7,0,light_planning,later_today
755,neutral,4.13,0.59,1,light_planning,later_today
756,overwhelmed,3.06,0.55,1,light_planning,later_today
757,focused,2.24,0.73,0,light_planning,later_today
758,neutral,4.34,0.65,0,rest,within_15_min
759,calm,3.35,0.73,0,sleep,tonight
760,focused,2.33,0.63,0,sleep,tonight
761,neutral,3.71,0.81,0,rest,within_15_min
762,overwhelmed,3.15,0.59,1,rest,within_15_min
763,overwhelmed,3.08,0.71,0,light_planning,later_today
764,overwhelmed,3.89,0.72,0,rest,within_15_min
765,restless,1.68,0.73,0,sleep,tonight
766,mixed,4.1,0.66,0,sleep,tonight
767,restless,3.08,0.62,0,light_planning,later_today
768,neutral,4.2,0.66,0,rest,within_15_min
769,calm,4.46,0.72,0,rest,within_15_min
770,mixed,1.47,0.64,0,light_planning,later_today
771,mixed,2.52,0.61,0,rest,within_15_min
772,mixed,4.43,0.72,0,light_planning,later_today
773,restless,2.1,0.61,0,light_planning,later_today
774,calm,3.65,0.61,0,rest,within_15_min
775,overwhelmed,4.17,0.62,0,light_planning,later_today
776,overwhelmed,1.54,0.67,0,light_planning,later_today
777,restless,2.75,0.84,0,rest,within_15_min
778,mixed,1.99,0.66,0,rest,within_15_min
779,focused,1.82,0.66,0,light_planning,later_today
780,restless,3.84,0.69,0,light_planning,later_today
781,calm,1.65,0.62,0,light_planning,later_today
782,neutral,2.0533333333333332,0.73,0,light_planning,later_today
783,neutral,4.22,0.63,0,rest,within_15_min
784,restless,3.55,0.71,0,light_planning,later_today
785,mixed,3.13,0.6,0,light_planning,later_today
786,focused,3.76,0.91,0,light_planning,later_today
787,calm,1.58,0.67,0,sleep,tonight
788,calm,2.03,0.76,0,light_planning,later_today
789,focused,2.17,0.69,0,sleep,tonight
790,mixed,3.32,0.77,0,rest,within_15_min
791,restless,3.209333333333333,0.45833333333333337,1,light_planning,later_today
792,neutral,4.55,0.63,0,light_planning,later_today
793,focused,1.73,0.63,0,light_planning,later_today
794,focused,2.58,0.68,0,light_planning,later_today
795,focused,3.69,0.68,0,light_planning,later_today
796,focused,1.87,0.77,0,rest,within_15_min
797,focused,2.22,0.65,0,light_planning,later_today
798,focused,1.6,0.68,0,sleep,tonight
799,neutral,3.87,0.73,0,light_planning,later_today
800,restless,2.11,0.69,0,rest,within_15_min
801,focused,2.78,0.68,0,rest,within_15_min
802,focused,2.78,0.75,0,rest,within_15_min
803,calm,2.37,0.67,0,light_planning,later_today
804,neutral,1.85,0.72,0,rest,within_15_min
805,calm,2.4,0.74,0,light_planning,later_today
806,overwhelmed,2.92,0.62,0,light_planning,later_today
807,calm,2.1333333333333333,0.66,0,sleep,tonight
808,mixed,3.72,0.72,0,light_planning,later_today
809,calm,3.38,0.76,0,light_planning,later_today
810,restless,2.52,0.62,0,rest,within_15_min
811,neutral,2.58,0.83,0,rest,within_15_min
812,mixed,3.14,0.67,0,rest,within_15_min
813,calm,2.25,0.85,0,light_planning,later_today
814,mixed,3.08,0.61,0,light_planning,later_today
815,restless,3.209333333333333,0.45833333333333337,1,light_planning,later_today
816,calm,2.5,0.61,0,sleep,tonight
817,neutral,4.61,0.63,0,light_planning,later_today
818,mixed,2.99,0.57,1,rest,within_15_min
819,focused,2.37,0.73,0,sleep,tonight
820,neutral,4.43,0.62,0,light_planning,later_today
821,calm,2.22,0.6,0,rest,within_15_min
822,calm,3.55,0.82,0,light_planning,later_today
823,calm,2.88,0.78,0,light_planning,later_today
824,mixed,3.45,0.76,0,light_planning,later_today
825,neutral,3.91,0.66,0,rest,within_15_min
826,calm,3.18,0.85,0,sleep,tonight
827,overwhelmed,1.63,0.65,0,rest,within_15_min
828,overwhelmed,2.5,0.66,0,light_planning,later_today
829,mixed,4.19,0.65,0,rest,within_15_min
830,focused,3.42,0.65,0,light_planning,later_today
831,calm,2.99,0.78,0,rest,within_15_min
832,calm,2.01,0.68,0,rest,within_15_min
833,focused,3.84,0.73,0,sleep,tonight
834,restless,3.39,0.67,0,sleep,tonight
835,mixed,4.08,0.59,1,rest,within_15_min
836,neutral,2.45,0.72,0,light_planning,later_today
837,neutral,3.69,0.67,0,sleep,tonight
838,overwhelmed,3.36,0.6,0,rest,within_15_min
839,focused,1.88,0.73,0,sleep,tonight
840,overwhelmed,4.093999999999999,0.64,0,rest,within_15_min
721,neutral,2.37,0.95,0,light_planning,later_today
722,focused,3.75,0.74,0,rest,within_15_min
723,restless,3.09,0.82,0,rest,within_15_min
724,mixed,1.58,0.85,0,sleep,tonight
725,neutral,3.9,0.8,0,rest,within_15_min
726,calm,4.25,0.76,0,light_planning,later_today
727,overwhelmed,3.2,0.75,0,light_planning,later_today
728,focused,2.97,0.77,0,light_planning,later_today
729,focused,1.56,0.83,0,light_planning,later_today
730,overwhelmed,3.16,0.83,0,light_planning,later_today
731,calm,4.53,0.63,0,rest,within_15_min
732,overwhelmed,4.4,0.93,0,sleep,tonight
733,focused,2.93,0.94,0,light_planning,later_today
734,restless,2.52,0.64,0,sleep,tonight
735,restless,3.89,0.79,0,light_planning,later_today
736,calm,3.75,0.8,0,rest,within_15_min
737,focused,3.1,0.84,0,light_planning,later_today
738,neutral,1.91,0.8,0,light_planning,later_today
739,restless,3.85,0.85,0,light_planning,later_today
740,focused,1.62,0.84,0,sleep,tonight
741,mixed,2.72,0.91,0,light_planning,later_today
742,mixed,3.15,0.96,0,light_planning,later_today
743,overwhelmed,4.46,0.89,0,rest,within_15_min
744,neutral,2.17,0.86,0,rest,within_15_min
745,calm,2.53,0.74,0,rest,within_15_min
746,overwhelmed,2.47,0.8,0,light_planning,later_today
747,calm,4.25,0.62,0,sleep,tonight
748,calm,2.73,0.61,0,sleep,tonight
749,mixed,3.2,0.85,0,rest,within_15_min
750,neutral,4.05,0.71,0,light_planning,later_today
751,mixed,3.61,0.64,0,light_planning,later_today
752,mixed,4.19,0.73,0,light_planning,later_today
753,mixed,1.98,0.9,0,rest,within_15_min
754,focused,2.01,0.86,0,light_planning,later_today
755,neutral,1.91,0.73,0,rest,within_15_min
756,mixed,1.98,0.85,0,rest,within_15_min
757,restless,4.37,0.79,0,light_planning,later_today
758,mixed,4.5,0.93,0,rest,within_15_min
759,overwhelmed,1.54,0.73,0,light_planning,later_today
760,focused,1.58,0.8,0,rest,within_15_min
761,focused,2.75,0.89,0,light_planning,later_today
762,focused,3.54,0.75,0,rest,within_15_min
763,neutral,3.61,0.78,0,rest,within_15_min
764,focused,2.62,0.7,0,light_planning,later_today
765,focused,2.95,0.75,0,light_planning,later_today
766,mixed,4.46,0.82,0,light_planning,later_today
767,neutral,3.98,0.92,0,sleep,tonight
768,restless,1.73,0.57,1,sleep,tonight
769,overwhelmed,3.17,0.75,0,sleep,tonight
770,neutral,3.05,0.79,0,light_planning,later_today
771,neutral,2.33,0.77,0,sleep,tonight
772,restless,3.66,0.74,0,rest,within_15_min
773,calm,3.19,0.75,0,rest,within_15_min
774,overwhelmed,2.68,0.84,0,light_planning,later_today
775,restless,3.77,0.9,0,light_planning,later_today
776,restless,1.6,0.81,0,sleep,tonight
777,restless,1.8566666666666665,0.8,0,light_planning,later_today
778,overwhelmed,1.45,0.54,1,light_planning,later_today
779,calm,3.46,0.84,0,rest,within_15_min
780,overwhelmed,1.77,0.83,0,rest,within_15_min
781,overwhelmed,2.36,0.78,0,light_planning,later_today
782,restless,2.58,0.93,0,rest,within_15_min
783,neutral,1.87,0.68,0,light_planning,later_today
784,focused,1.74,0.89,0,rest,within_15_min
785,neutral,4.28,0.94,0,rest,within_15_min
786,mixed,3.81,0.8,0,light_planning,later_today
787,overwhelmed,1.74,0.8,0,light_planning,later_today
788,restless,1.96,0.69,0,rest,within_15_min
789,restless,3.64,0.88,0,light_planning,later_today
790,restless,1.67,0.87,0,light_planning,later_today
791,neutral,4.18,0.66,0,light_planning,later_today
792,calm,3.03,0.81,0,rest,within_15_min
793,restless,3.77,0.64,0,rest,within_15_min
794,mixed,3.63,0.9,0,sleep,tonight
795,focused,4.4,0.75,0,rest,within_15_min
796,mixed,3.13,0.97,0,rest,within_15_min
797,calm,3.7,0.76,0,rest,within_15_min
798,mixed,3.32,0.67,0,rest,within_15_min
799,mixed,3.83,0.84,0,rest,within_15_min
800,overwhelmed,2.92,0.8,0,light_planning,later_today
801,focused,3.05,0.87,0,rest,within_15_min
802,restless,2.66,0.82,0,light_planning,later_today
803,calm,1.86,0.83,0,rest,within_15_min
804,calm,2.92,0.85,0,light_planning,later_today
805,overwhelmed,3.7539999999999996,0.78,0,rest,within_15_min
806,overwhelmed,2.38,0.6,0,rest,within_15_min
807,calm,3.29,0.74,0,rest,within_15_min
808,restless,2.8,0.9,0,light_planning,later_today
809,mixed,1.53,0.73,0,light_planning,later_today
810,focused,2.73,0.63,0,light_planning,later_today
811,focused,3.95,0.75,0,light_planning,later_today
812,mixed,2.21,0.8,0,light_planning,later_today
813,mixed,2.37,0.97,0,light_planning,later_today
814,calm,2.99,0.71,0,sleep,tonight
815,focused,4.47,0.76,0,light_planning,later_today
816,calm,1.68,0.79,0,rest,within_15_min
817,neutral,3.13,0.77,0,rest,within_15_min
818,restless,3.79,0.71,0,light_planning,later_today
819,neutral,4.48,0.65,0,rest,within_15_min
820,calm,3.07,0.77,0,light_planning,later_today
821,focused,2.47,0.77,0,rest,within_15_min
822,focused,3.6,0.74,0,light_planning,later_today
823,overwhelmed,1.9,0.84,0,sleep,tonight
824,overwhelmed,3.8,0.86,0,sleep,tonight
825,focused,4.44,0.81,0,light_planning,later_today
826,focused,3.74,0.87,0,light_planning,later_today
827,calm,2.78,0.65,0,light_planning,later_today
828,overwhelmed,1.69,0.8,0,rest,within_15_min
829,mixed,1.63,0.78,0,light_planning,later_today
830,neutral,3.52,0.83,0,rest,within_15_min
831,focused,3.18,0.78,0,light_planning,later_today
832,focused,4.36,0.92,0,light_planning,later_today
833,overwhelmed,3.89,0.69,0,rest,within_15_min
834,neutral,4.16,0.75,0,light_planning,later_today
835,restless,4.52,0.57,1,light_planning,later_today
836,restless,3.73,0.77,0,light_planning,later_today
837,mixed,2.76,0.89,0,rest,within_15_min
838,overwhelmed,3.02,0.82,0,light_planning,later_today
839,overwhelmed,3.59,0.65,0,sleep,tonight
840,calm,2.86,0.73,0,rest,within_15_min
841,focused,1.99,0.77,0,rest,within_15_min
842,overwhelmed,2.99,0.73,0,rest,within_15_min
843,neutral,4.36,0.75,0,light_planning,later_today
844,mixed,4.54,0.98,0,rest,within_15_min
845,restless,3.74,0.71,0,sleep,tonight
846,calm,2.8,0.84,0,light_planning,later_today
847,mixed,2.36,0.9,0,rest,within_15_min
848,restless,4.03,0.66,0,light_planning,later_today
849,neutral,3.14,0.87,0,rest,within_15_min
850,overwhelmed,3.62,0.6,0,light_planning,later_today
851,calm,2.37,0.72,0,light_planning,later_today
852,calm,3.59,0.8,0,rest,within_15_min
853,mixed,2.15,0.7,0,sleep,tonight
854,neutral,4.32,0.62,0,light_planning,later_today
855,calm,2.47,0.85,0,rest,within_15_min
856,neutral,3.49,0.92,0,light_planning,later_today
857,focused,4.3,0.61,0,rest,within_15_min
858,mixed,1.85,0.89,0,rest,within_15_min
859,mixed,2.02,0.95,0,sleep,tonight
860,restless,4.27,0.85,0,light_planning,later_today
861,focused,2.35,0.81,0,sleep,tonight
862,mixed,4.36,0.86,0,rest,within_15_min
863,overwhelmed,3.15,0.74,0,light_planning,later_today
864,calm,3.28,0.74,0,light_planning,later_today
865,neutral,3.67,0.85,0,light_planning,later_today
866,calm,3.08,0.75,0,rest,within_15_min
867,restless,4.19,0.75,0,sleep,tonight
868,overwhelmed,3.43,0.66,0,rest,within_15_min
869,calm,2.21,0.62,0,light_planning,later_today
870,focused,3.8,0.69,0,light_planning,later_today
871,neutral,1.28,0.83,0,rest,within_15_min
872,focused,2.22,0.84,0,sleep,tonight
873,restless,2.28,0.79,0,rest,within_15_min
874,neutral,3.66,0.84,0,rest,within_15_min
875,mixed,4.19,0.62,0,sleep,tonight
876,focused,2.37,0.93,0,rest,within_15_min
877,restless,1.7,0.68,0,rest,within_15_min
878,overwhelmed,2.85,0.9,0,sleep,tonight
879,neutral,3.75,0.94,0,rest,within_15_min
880,overwhelmed,3.06,0.88,0,light_planning,later_today
881,calm,3.66,0.78,0,rest,within_15_min
882,overwhelmed,2.87,0.9,0,light_planning,later_today
883,overwhelmed,2.57,0.7,0,light_planning,later_today
884,mixed,2.12,0.71,0,sleep,tonight
885,calm,2.27,0.88,0,light_planning,later_today
886,neutral,3.15,0.84,0,rest,within_15_min
887,calm,2.42,0.65,0,rest,within_15_min
888,neutral,3.72,0.7,0,sleep,tonight
889,overwhelmed,3.5,0.82,0,sleep,tonight
890,restless,3.31,0.75,0,sleep,tonight
891,calm,2.28,0.81,0,rest,within_15_min
892,overwhelmed,3.7,0.82,0,light_planning,later_today
893,neutral,2.21,0.78,0,rest,within_15_min
894,restless,4.45,0.85,0,light_planning,later_today
895,calm,4.55,0.83,0,rest,within_15_min
896,restless,4.05,0.91,0,rest,within_15_min
897,calm,3.53,0.72,0,rest,within_15_min
898,mixed,4.08,0.86,0,rest,within_15_min
899,calm,3.8,0.86,0,light_planning,later_today
900,restless,3.82,0.82,0,rest,within_15_min
901,neutral,2.26,0.62,0,sleep,tonight
902,restless,2.54,0.86,0,rest,within_15_min
903,restless,4.27,0.79,0,rest,within_15_min
904,overwhelmed,2.0,0.93,0,light_planning,later_today
905,overwhelmed,3.96,0.9,0,rest,within_15_min
906,focused,4.36,0.84,0,rest,within_15_min
907,restless,3.76,0.66,0,light_planning,later_today
908,overwhelmed,2.52,0.88,0,light_planning,later_today
909,focused,3.77,0.79,0,light_planning,later_today
910,overwhelmed,1.89,0.63,0,light_planning,later_today
911,focused,2.91,0.91,0,rest,within_15_min
912,overwhelmed,4.18,0.81,0,sleep,tonight
913,focused,3.51,0.82,0,rest,within_15_min
914,mixed,1.6,0.76,0,rest,within_15_min
915,restless,4.44,0.82,0,rest,within_15_min
916,mixed,3.54,0.77,0,light_planning,later_today
917,mixed,2.44,0.82,0,light_planning,later_today
918,calm,2.97,0.87,0,rest,within_15_min
919,restless,3.7,0.87,0,light_planning,later_today
920,restless,3.85,0.72,0,light_planning,later_today
921,overwhelmed,3.66,0.87,0,rest,within_15_min
922,focused,3.67,0.68,0,light_planning,later_today
923,neutral,2.92,0.76,0,sleep,tonight
924,overwhelmed,3.05,0.87,0,light_planning,later_today
925,restless,2.6,0.77,0,light_planning,later_today
926,restless,3.05,0.62,0,light_planning,later_today
927,calm,2.76,0.91,0,light_planning,later_today
928,overwhelmed,3.63,0.81,0,rest,within_15_min
929,neutral,2.71,0.84,0,sleep,tonight
930,overwhelmed,2.44,0.77,0,light_planning,later_today
931,focused,3.75,0.91,0,light_planning,later_today
932,restless,4.3,0.88,0,rest,within_15_min
933,focused,3.75,0.67,0,light_planning,later_today
934,overwhelmed,2.38,0.91,0,rest,within_15_min
935,focused,3.5,0.66,0,light_planning,later_today
936,restless,3.54,0.85,0,sleep,tonight
937,mixed,3.84,0.87,0,light_planning,later_today
938,focused,4.25,0.69,0,light_planning,later_today
939,mixed,1.69,0.66,0,sleep,tonight
940,overwhelmed,3.35,0.96,0,light_planning,later_today
941,neutral,2.61,0.79,0,light_planning,later_today
942,overwhelmed,2.39,0.76,0,rest,within_15_min
943,overwhelmed,1.89,0.95,0,sleep,tonight
944,restless,2.57,0.8,0,sleep,tonight
945,mixed,2.37,0.69,0,light_planning,later_today
946,overwhelmed,3.89,0.72,0,light_planning,later_today
947,calm,3.88,0.85,0,light_planning,later_today
948,mixed,3.43,0.76,0,sleep,tonight
949,mixed,4.28,0.74,0,sleep,tonight
950,mixed,2.83,0.82,0,rest,within_15_min
951,mixed,3.03,0.76,0,rest,within_15_min
952,calm,2.38,0.82,0,sleep,tonight
953,overwhelmed,1.32,0.86,0,rest,within_15_min
954,overwhelmed,2.85,0.84,0,light_planning,later_today
955,mixed,2.7,0.93,0,rest,within_15_min
956,focused,3.71,0.85,0,rest,within_15_min
957,restless,1.51,0.66,0,light_planning,later_today
958,overwhelmed,4.46,0.76,0,rest,within_15_min
959,overwhelmed,3.91,0.84,0,rest,within_15_min
960,mixed,3.03,0.85,0,light_planning,later_today
961,overwhelmed,2.9,0.82,0,rest,within_15_min
962,neutral,2.23,0.82,0,rest,within_15_min
963,restless,3.41,0.69,0,sleep,tonight
964,neutral,3.93,0.87,0,rest,within_15_min
965,calm,2.42,0.62,0,light_planning,later_today
966,overwhelmed,2.29,0.61,0,light_planning,later_today
967,calm,3.71,0.77,0,light_planning,later_today
968,overwhelmed,3.05,0.9,0,rest,within_15_min
969,calm,3.85,0.69,0,light_planning,later_today
970,focused,4.39,0.61,0,rest,within_15_min
971,restless,4.28,0.89,0,light_planning,later_today
972,restless,4.41,0.65,0,sleep,tonight
973,restless,3.23,0.79,0,light_planning,later_today
974,focused,2.3,0.87,0,light_planning,later_today
975,overwhelmed,1.79,0.83,0,rest,within_15_min
976,mixed,1.8,0.77,0,light_planning,later_today
977,focused,2.63,0.87,0,light_planning,later_today
978,calm,1.72,0.58,1,light_planning,later_today
979,mixed,1.41,0.7,0,light_planning,later_today
980,mixed,3.0,0.71,0,rest,within_15_min
981,mixed,3.21,0.87,0,light_planning,later_today
982,neutral,3.7,0.73,0,rest,within_15_min
983,calm,4.51,0.82,0,light_planning,later_today
984,focused,3.94,0.71,0,sleep,tonight
985,calm,1.53,0.56,1,light_planning,later_today
986,calm,3.92,0.71,0,light_planning,later_today
987,focused,4.2,0.93,0,sleep,tonight
988,mixed,4.38,0.89,0,rest,within_15_min
989,neutral,3.72,0.92,0,light_planning,later_today
990,restless,2.26,0.81,0,light_planning,later_today
991,overwhelmed,3.5,0.82,0,rest,within_15_min
992,overwhelmed,2.4,0.68,0,light_planning,later_today
993,calm,4.45,0.85,0,light_planning,later_today
994,overwhelmed,1.37,0.81,0,light_planning,later_today
995,focused,2.35,0.715,0,rest,within_15_min
996,mixed,2.89,0.62,0,light_planning,later_today
997,mixed,3.07,0.95,0,light_planning,later_today
998,overwhelmed,4.15,0.81,0,rest,within_15_min
999,neutral,3.89,0.83,0,light_planning,later_today
1000,mixed,3.07,0.84,0,light_planning,later_today
1001,focused,1.84,0.74,0,light_planning,later_today
1002,restless,2.49,0.81,0,rest,within_15_min
1003,restless,4.14,0.89,0,rest,within_15_min
1004,neutral,3.61,0.9,0,rest,within_15_min
1005,calm,4.496666666666666,0.86,0,light_planning,later_today
1006,neutral,4.52,0.87,0,sleep,tonight
1007,mixed,1.86,0.89,0,light_planning,later_today
1008,calm,3.99,0.76,0,rest,within_15_min
1009,mixed,1.57,0.84,0,light_planning,later_today
1010,neutral,1.38,0.65,0,sleep,tonight
1011,neutral,1.87,0.88,0,sleep,tonight
1012,focused,1.96,0.77,0,light_planning,later_today
1013,focused,1.64,0.9,0,light_planning,later_today
1014,calm,2.3,0.86,0,rest,within_15_min
1015,overwhelmed,3.55,0.67,0,light_planning,later_today
1016,restless,3.6,0.835,0,light_planning,later_today
1017,overwhelmed,1.34,0.87,0,light_planning,later_today
1018,calm,3.08,0.81,0,rest,within_15_min
1019,neutral,3.69,0.91,0,rest,within_15_min
1020,overwhelmed,3.29,0.84,0,rest,within_15_min
1021,calm,3.8,0.79,0,rest,within_15_min
1022,restless,3.78,0.89,0,rest,within_15_min
1023,mixed,4.18,0.82,0,light_planning,later_today
1024,overwhelmed,4.22,0.63,0,light_planning,later_today
1025,neutral,3.07,0.93,0,light_planning,later_today
1026,focused,1.66,0.91,0,sleep,tonight
1027,mixed,4.16,0.92,0,light_planning,later_today
1028,restless,4.26,0.87,0,rest,within_15_min
1029,neutral,4.72,0.88,0,rest,within_15_min
1030,mixed,4.03,0.8,0,light_planning,later_today
1031,restless,1.95,0.84,0,light_planning,later_today
1032,calm,3.01,0.65,0,rest,within_15_min
1033,calm,2.68,0.83,0,sleep,tonight
1034,neutral,3.21,0.84,0,rest,within_15_min
1035,calm,3.1,0.77,0,light_planning,later_today
1036,focused,1.9,0.74,0,rest,within_15_min
1037,calm,2.62,0.72,0,light_planning,later_today
1038,neutral,3.7,0.8,0,light_planning,later_today
1039,mixed,1.49,0.67,0,rest,within_15_min
1040,restless,1.87,0.84,0,rest,within_15_min
1041,mixed,3.75,0.63,0,light_planning,later_today
1042,mixed,1.71,0.94,0,sleep,tonight
1043,mixed,2.37,0.75,0,rest,within_15_min
1044,restless,4.07,0.89,0,rest,within_15_min
1045,focused,4.38,0.83,0,rest,within_15_min
1046,neutral,4.6,0.93,0,rest,within_15_min
1047,neutral,4.8,0.69,0,rest,within_15_min
1048,calm,1.59,0.67,0,rest,within_15_min
1049,overwhelmed,4.42,0.77,0,light_planning,later_today
1050,focused,2.72,0.68,0,light_planning,later_today
1051,neutral,3.18,0.79,0,light_planning,later_today
1052,calm,1.67,0.85,0,rest,within_15_min
1053,restless,2.51,0.68,0,light_planning,later_today
1054,mixed,4.47,0.95,0,rest,within_15_min
1055,overwhelmed,4.09,0.62,0,rest,within_15_min
1056,restless,3.17,0.84,0,light_planning,later_today
1057,neutral,4.52,0.91,0,rest,within_15_min
1058,mixed,4.45,0.87,0,rest,within_15_min
1059,neutral,4.27,0.75,0,light_planning,later_today
1060,calm,2.12,0.78,0,rest,within_15_min
1061,focused,2.06,0.82,0,rest,within_15_min
1062,neutral,4.26,0.61,0,rest,within_15_min
1063,neutral,3.79,0.84,0,light_planning,later_today
1064,neutral,3.07,0.91,0,sleep,tonight
1065,focused,3.96,0.73,0,rest,within_15_min
1066,neutral,3.06,0.87,0,sleep,tonight
1067,mixed,3.41,0.81,0,rest,within_15_min
1068,mixed,2.83,0.7,0,light_planning,later_today
1069,focused,3.13,0.62,0,sleep,tonight
1070,neutral,1.72,0.9,0,light_planning,later_today
1071,mixed,3.53,0.8,0,light_planning,later_today
1072,overwhelmed,3.41,0.66,0,light_planning,later_today
1073,calm,4.5,0.84,0,rest,within_15_min
1074,calm,4.45,0.68,0,light_planning,later_today
1075,restless,4.17,0.71,0,rest,within_15_min
1076,calm,4.36,0.83,0,light_planning,later_today
1077,calm,2.53,0.86,0,rest,within_15_min
1078,mixed,2.04,0.67,0,light_planning,later_today
1079,neutral,4.4,0.9,0,light_planning,later_today
1080,mixed,3.93,0.9,0,light_planning,later_today
